model,seed,method,optimizer,partition,soft_nll,immediate_nll,final_nll,heldout_response_relative_mse,standalone_selection_seconds,recovery_seconds,recovery_tokens,shared_execution_aliases
pythia160m,0,weight,sgd,4501,3.7053745836019516,3.677503652870655,3.534821532666683,2.254858135090177,0.012012358754873276,5.874766354914755,32768,weight
pythia160m,0,weight,adamw,4501,3.7053745836019516,3.677503652870655,3.4279175773262978,2.254858135090177,0.012012358754873276,5.8821083582006395,32768,weight
pythia160m,0,isotropic_response,sgd,3219,3.7053745836019516,3.7221421524882317,3.556179977953434,2.044705261433819,0.01193427899852395,5.8748114332556725,32768,isotropic_response|task_response|task_single
pythia160m,0,isotropic_response,adamw,3219,3.7053745836019516,3.7221421524882317,3.440861627459526,2.044705261433819,0.01193427899852395,5.883727110922337,32768,isotropic_response|task_response|task_single
pythia160m,0,task_response,sgd,3219,3.7053745836019516,3.7221421524882317,3.556179977953434,2.044705261433819,2.4255143399350345,5.8748114332556725,32768,isotropic_response|task_response|task_single
pythia160m,0,task_response,adamw,3219,3.7053745836019516,3.7221421524882317,3.440861627459526,2.044705261433819,2.4255143399350345,5.883727110922337,32768,isotropic_response|task_response|task_single
pythia160m,0,task_single,sgd,3219,3.7053745836019516,3.7221421524882317,3.556179977953434,2.044705261433819,1.4814442959614098,5.8748114332556725,32768,isotropic_response|task_response|task_single
pythia160m,0,task_single,adamw,3219,3.7053745836019516,3.7221421524882317,3.440861627459526,2.044705261433819,1.4814442959614098,5.883727110922337,32768,isotropic_response|task_response|task_single
pythia160m,0,activation,sgd,4757,3.7053745836019516,3.7036775425076485,3.5438754484057426,2.2155567132155927,0.5854780301451683,5.869439166970551,32768,activation
pythia160m,0,activation,adamw,4757,3.7053745836019516,3.7036775425076485,3.4289591535925865,2.2155567132155927,0.5854780301451683,5.9163070768117905,32768,activation
pythia160m,0,direct_loss,sgd,13631,3.7053745836019516,3.6412494629621506,3.5192705541849136,2.7711948040840695,16.89185800170526,5.879617031197995,32768,direct_loss
pythia160m,0,direct_loss,adamw,13631,3.7053745836019516,3.6412494629621506,3.415064349770546,2.7711948040840695,16.89185800170526,5.884061501827091,32768,direct_loss
pythia160m,0,random,sgd,3220,3.7053745836019516,3.6809945181012154,3.537387378513813,2.388269465679299,0.0,5.87865028437227,32768,random
pythia160m,0,random,adamw,3220,3.7053745836019516,3.6809945181012154,3.4285609424114227,2.388269465679299,0.0,5.88056468591094,32768,random
pythia160m,1,weight,sgd,2992,3.5745149850845337,3.5739895701408386,3.491945020854473,1.6467985719812348,0.012150590773671865,5.848283491097391,32768,weight|isotropic_response|task_response|task_single|activation
pythia160m,1,weight,adamw,2992,3.5745149850845337,3.5739895701408386,3.4158386513590813,1.6467985719812348,0.012150590773671865,5.896269072312862,32768,weight|isotropic_response|task_response|task_single|activation
pythia160m,1,isotropic_response,sgd,2992,3.5745149850845337,3.5739895701408386,3.491945020854473,1.6467985719812348,0.010117331054061651,5.848283491097391,32768,weight|isotropic_response|task_response|task_single|activation
pythia160m,1,isotropic_response,adamw,2992,3.5745149850845337,3.5739895701408386,3.4158386513590813,1.6467985719812348,0.010117331054061651,5.896269072312862,32768,weight|isotropic_response|task_response|task_single|activation
pythia160m,1,task_response,sgd,2992,3.5745149850845337,3.5739895701408386,3.491945020854473,1.6467985719812348,2.436535181943327,5.848283491097391,32768,weight|isotropic_response|task_response|task_single|activation
pythia160m,1,task_response,adamw,2992,3.5745149850845337,3.5739895701408386,3.4158386513590813,1.6467985719812348,2.436535181943327,5.896269072312862,32768,weight|isotropic_response|task_response|task_single|activation
pythia160m,1,task_single,sgd,2992,3.5745149850845337,3.5739895701408386,3.491945020854473,1.6467985719812348,1.5070642372593284,5.848283491097391,32768,weight|isotropic_response|task_response|task_single|activation
pythia160m,1,task_single,adamw,2992,3.5745149850845337,3.5739895701408386,3.4158386513590813,1.6467985719812348,1.5070642372593284,5.896269072312862,32768,weight|isotropic_response|task_response|task_single|activation
pythia160m,1,activation,sgd,2992,3.5745149850845337,3.5739895701408386,3.491945020854473,1.6467985719812348,0.5900218868628144,5.848283491097391,32768,weight|isotropic_response|task_response|task_single|activation
pythia160m,1,activation,adamw,2992,3.5745149850845337,3.5739895701408386,3.4158386513590813,1.6467985719812348,0.5900218868628144,5.896269072312862,32768,weight|isotropic_response|task_response|task_single|activation
pythia160m,1,direct_loss,sgd,7582,3.5745149850845337,3.5631291642785072,3.4873287603259087,1.9044272857448248,16.88274161843583,5.870639216620475,32768,direct_loss
pythia160m,1,direct_loss,adamw,7582,3.5745149850845337,3.5631291642785072,3.406799368560314,1.9044272857448248,16.88274161843583,5.891721845138818,32768,direct_loss
pythia160m,1,random,sgd,652,3.5745149850845337,3.57622167468071,3.4919687286019325,2.0350178396829883,0.0,5.848280332051218,32768,random
pythia160m,1,random,adamw,652,3.5745149850845337,3.57622167468071,3.4091557189822197,2.0350178396829883,0.0,5.856325271073729,32768,random
pythia160m,2,weight,sgd,1757,3.5624150037765503,3.5823738649487495,3.4872512370347977,1.2318554919867255,0.012674558907747269,5.8823405569419265,32768,weight
pythia160m,2,weight,adamw,1757,3.5624150037765503,3.5823738649487495,3.3997164964675903,1.2318554919867255,0.012674558907747269,5.888182933907956,32768,weight
pythia160m,2,isotropic_response,sgd,1732,3.5624150037765503,3.5752661004662514,3.4832994416356087,1.230426490524742,0.010250673163682222,5.8892286461777985,32768,isotropic_response|task_response|task_single|activation
pythia160m,2,isotropic_response,adamw,1732,3.5624150037765503,3.5752661004662514,3.3970348611474037,1.230426490524742,0.010250673163682222,5.902578867971897,32768,isotropic_response|task_response|task_single|activation
pythia160m,2,task_response,sgd,1732,3.5624150037765503,3.5752661004662514,3.4832994416356087,1.230426490524742,2.434120774269104,5.8892286461777985,32768,isotropic_response|task_response|task_single|activation
pythia160m,2,task_response,adamw,1732,3.5624150037765503,3.5752661004662514,3.3970348611474037,1.230426490524742,2.434120774269104,5.902578867971897,32768,isotropic_response|task_response|task_single|activation
pythia160m,2,task_single,sgd,1732,3.5624150037765503,3.5752661004662514,3.4832994416356087,1.230426490524742,1.485903250053525,5.8892286461777985,32768,isotropic_response|task_response|task_single|activation
pythia160m,2,task_single,adamw,1732,3.5624150037765503,3.5752661004662514,3.3970348611474037,1.230426490524742,1.485903250053525,5.902578867971897,32768,isotropic_response|task_response|task_single|activation
pythia160m,2,activation,sgd,1732,3.5624150037765503,3.5752661004662514,3.4832994416356087,1.230426490524742,0.5897102719172835,5.8892286461777985,32768,isotropic_response|task_response|task_single|activation
pythia160m,2,activation,adamw,1732,3.5624150037765503,3.5752661004662514,3.3970348611474037,1.230426490524742,0.5897102719172835,5.902578867971897,32768,isotropic_response|task_response|task_single|activation
pythia160m,2,direct_loss,sgd,11766,3.5624150037765503,3.5579539760947227,3.474713511765003,1.9551415658205769,16.988726326730102,5.9020491181872785,32768,direct_loss
pythia160m,2,direct_loss,adamw,11766,3.5624150037765503,3.5579539760947227,3.3893243446946144,1.9551415658205769,16.988726326730102,5.927835497073829,32768,direct_loss
pythia160m,2,random,sgd,5228,3.5624150037765503,3.5797152370214462,3.4877834841609,1.774278480767628,0.0,5.888485960196704,32768,random
pythia160m,2,random,adamw,5228,3.5624150037765503,3.5797152370214462,3.39865542948246,1.774278480767628,0.0,5.894911766983569,32768,random
qwen06b,0,weight,sgd,12919,2.580893099308014,2.5949757620692253,2.5922923870384693,0.8452428939026637,0.0122193219140172,18.11654881387949,32768,weight|isotropic_response
qwen06b,0,weight,adamw,12919,2.580893099308014,2.5949757620692253,2.5821012668311596,0.8452428939026637,0.0122193219140172,17.98578594531864,32768,weight|isotropic_response
qwen06b,0,isotropic_response,sgd,12919,2.580893099308014,2.5949757620692253,2.5922923870384693,0.8452428939026637,0.010023369919508696,18.11654881387949,32768,weight|isotropic_response
qwen06b,0,isotropic_response,adamw,12919,2.580893099308014,2.5949757620692253,2.5821012668311596,0.8452428939026637,0.010023369919508696,17.98578594531864,32768,weight|isotropic_response
qwen06b,0,task_response,sgd,6741,2.580893099308014,2.5976384542882442,2.595503840595484,0.8008408266554496,6.81097783986479,18.009429512079805,32768,task_response|task_single
qwen06b,0,task_response,adamw,6741,2.580893099308014,2.5976384542882442,2.585837848484516,0.8008408266554496,6.81097783986479,18.010009604040533,32768,task_response|task_single
qwen06b,0,task_single,sgd,6741,2.580893099308014,2.5976384542882442,2.595503840595484,0.8008408266554496,5.474498447962105,18.009429512079805,32768,task_response|task_single
qwen06b,0,task_single,adamw,6741,2.580893099308014,2.5976384542882442,2.585837848484516,0.8008408266554496,5.474498447962105,18.010009604040533,32768,task_response|task_single
qwen06b,0,activation,sgd,4669,2.580893099308014,2.596801783889532,2.594211857765913,0.9395111664990224,1.0856303060427308,17.932169355917722,32768,activation|direct_loss
qwen06b,0,activation,adamw,4669,2.580893099308014,2.596801783889532,2.5838154666125774,0.9395111664990224,1.0856303060427308,17.940680460073054,32768,activation|direct_loss
qwen06b,0,direct_loss,sgd,4669,2.580893099308014,2.596801783889532,2.594211857765913,0.9395111664990224,48.303416217677295,17.932169355917722,32768,activation|direct_loss
qwen06b,0,direct_loss,adamw,4669,2.580893099308014,2.596801783889532,2.5838154666125774,0.9395111664990224,48.303416217677295,17.940680460073054,32768,activation|direct_loss
qwen06b,0,random,sgd,3220,2.580893099308014,2.6535421162843704,2.645040713250637,1.6762294484575626,0.0,17.96402120217681,32768,random
qwen06b,0,random,adamw,3220,2.580893099308014,2.6535421162843704,2.617416463792324,1.6762294484575626,0.0,17.98815047973767,32768,random
qwen06b,1,weight,sgd,8822,2.582441084086895,2.597886338829994,2.5959863141179085,0.8451263000766462,0.012029218953102827,18.14372867066413,32768,weight|direct_loss
qwen06b,1,weight,adamw,8822,2.582441084086895,2.597886338829994,2.5897009894251823,0.8451263000766462,0.012029218953102827,18.187617499846965,32768,weight|direct_loss
qwen06b,1,isotropic_response,sgd,8685,2.582441084086895,2.603029102087021,2.6005097329616547,0.8219308377276207,0.010137260891497135,18.10761871188879,32768,isotropic_response|activation
qwen06b,1,isotropic_response,adamw,8685,2.582441084086895,2.603029102087021,2.5922582112252712,0.8219308377276207,0.010137260891497135,17.947129352018237,32768,isotropic_response|activation
qwen06b,1,task_response,sgd,8873,2.582441084086895,2.624902866780758,2.62102971971035,0.7506746776953596,6.748014437500387,17.948434909339994,32768,task_response|task_single
qwen06b,1,task_response,adamw,8873,2.582441084086895,2.624902866780758,2.607122477144003,0.7506746776953596,6.748014437500387,17.946197588928044,32768,task_response|task_single
qwen06b,1,task_single,sgd,8873,2.582441084086895,2.624902866780758,2.62102971971035,0.7506746776953596,5.438554569147527,17.948434909339994,32768,task_response|task_single
qwen06b,1,task_single,adamw,8873,2.582441084086895,2.624902866780758,2.607122477144003,0.7506746776953596,5.438554569147527,17.946197588928044,32768,task_response|task_single
qwen06b,1,activation,sgd,8685,2.582441084086895,2.603029102087021,2.6005097329616547,0.8219308377276207,1.0877213566564023,18.10761871188879,32768,isotropic_response|activation
qwen06b,1,activation,adamw,8685,2.582441084086895,2.603029102087021,2.5922582112252712,0.8219308377276207,1.0877213566564023,17.947129352018237,32768,isotropic_response|activation
qwen06b,1,direct_loss,sgd,8822,2.582441084086895,2.597886338829994,2.5959863141179085,0.8451263000766462,48.284592545591295,18.14372867066413,32768,weight|direct_loss
qwen06b,1,direct_loss,adamw,8822,2.582441084086895,2.597886338829994,2.5897009894251823,0.8451263000766462,48.284592545591295,18.187617499846965,32768,weight|direct_loss
qwen06b,1,random,sgd,652,2.582441084086895,2.6783680878579617,2.669176246970892,1.7001739732468109,0.0,18.14854634879157,32768,random
qwen06b,1,random,adamw,652,2.582441084086895,2.6783680878579617,2.6380982883274555,1.7001739732468109,0.0,18.159193537198007,32768,random
qwen06b,2,weight,sgd,1837,2.5772535018622875,2.592488296329975,2.5895932391285896,0.3581202390368145,0.011739301029592752,18.104402530938387,32768,weight|isotropic_response
qwen06b,2,weight,adamw,1837,2.5772535018622875,2.592488296329975,2.5824144780635834,0.3581202390368145,0.011739301029592752,18.081677715294063,32768,weight|isotropic_response
qwen06b,2,isotropic_response,sgd,1837,2.5772535018622875,2.592488296329975,2.5895932391285896,0.3581202390368145,0.010148095898330212,18.104402530938387,32768,weight|isotropic_response
qwen06b,2,isotropic_response,adamw,1837,2.5772535018622875,2.592488296329975,2.5824144780635834,0.3581202390368145,0.010148095898330212,18.081677715294063,32768,weight|isotropic_response
qwen06b,2,task_response,sgd,1839,2.5772535018622875,2.602568943053484,2.6001592725515366,0.27159527315161003,6.7594596347771585,18.12566087814048,32768,task_response|task_single
qwen06b,2,task_response,adamw,1839,2.5772535018622875,2.602568943053484,2.5910077691078186,0.27159527315161003,6.7594596347771585,18.130692882928997,32768,task_response|task_single
qwen06b,2,task_single,sgd,1839,2.5772535018622875,2.602568943053484,2.6001592725515366,0.27159527315161003,5.496424742974341,18.12566087814048,32768,task_response|task_single
qwen06b,2,task_single,adamw,1839,2.5772535018622875,2.602568943053484,2.5910077691078186,0.27159527315161003,5.496424742974341,18.130692882928997,32768,task_response|task_single
qwen06b,2,activation,sgd,1832,2.5772535018622875,2.5909898951649666,2.588856041431427,0.3042029159470546,1.0886853677220643,18.095047257840633,32768,activation|direct_loss
qwen06b,2,activation,adamw,1832,2.5772535018622875,2.5909898951649666,2.5829243436455727,0.3042029159470546,1.0886853677220643,18.113771429285407,32768,activation|direct_loss
qwen06b,2,direct_loss,sgd,1832,2.5772535018622875,2.5909898951649666,2.588856041431427,0.3042029159470546,48.336495771538466,18.095047257840633,32768,activation|direct_loss
qwen06b,2,direct_loss,adamw,1832,2.5772535018622875,2.5909898951649666,2.5829243436455727,0.3042029159470546,48.336495771538466,18.113771429285407,32768,activation|direct_loss
qwen06b,2,random,sgd,5228,2.5772535018622875,2.678342003375292,2.664686232805252,1.2976463195521273,0.0,18.305303359869868,32768,random
qwen06b,2,random,adamw,5228,2.5772535018622875,2.678342003375292,2.632378228008747,1.2976463195521273,0.0,18.186327983159572,32768,random
smol360m,0,weight,sgd,4501,2.5804886259138584,2.6065362468361855,2.60633273050189,0.5082097710976264,0.01210490008816123,7.595907053910196,32768,weight|isotropic_response|direct_loss
smol360m,0,weight,adamw,4501,2.5804886259138584,2.6065362468361855,2.5998817458748817,0.5082097710976264,0.01210490008816123,7.637814200017601,32768,weight|isotropic_response|direct_loss
smol360m,0,isotropic_response,sgd,4501,2.5804886259138584,2.6065362468361855,2.60633273050189,0.5082097710976264,0.01010220218449831,7.595907053910196,32768,weight|isotropic_response|direct_loss
smol360m,0,isotropic_response,adamw,4501,2.5804886259138584,2.6065362468361855,2.5998817458748817,0.5082097710976264,0.01010220218449831,7.637814200017601,32768,weight|isotropic_response|direct_loss
smol360m,0,task_response,sgd,2951,2.5804886259138584,2.6024979911744595,2.602308765053749,0.48053967393604563,3.0271255117841065,7.610706144943833,32768,task_response|task_single
smol360m,0,task_response,adamw,2951,2.5804886259138584,2.6024979911744595,2.596153926104307,0.48053967393604563,3.0271255117841065,7.619869301095605,32768,task_response|task_single
smol360m,0,task_single,sgd,2951,2.5804886259138584,2.6024979911744595,2.602308765053749,0.48053967393604563,2.133706213440746,7.610706144943833,32768,task_response|task_single
smol360m,0,task_single,adamw,2951,2.5804886259138584,2.6024979911744595,2.596153926104307,0.48053967393604563,2.133706213440746,7.619869301095605,32768,task_response|task_single
smol360m,0,activation,sgd,10101,2.5804886259138584,2.6107088029384613,2.610486526042223,0.9853090942939454,0.6291686329059303,7.763524272944778,32768,activation
smol360m,0,activation,adamw,10101,2.5804886259138584,2.6107088029384613,2.6037018671631813,0.9853090942939454,0.6291686329059303,7.636582922190428,32768,activation
smol360m,0,direct_loss,sgd,4501,2.5804886259138584,2.6065362468361855,2.60633273050189,0.5082097710976264,19.510044206865132,7.595907053910196,32768,weight|isotropic_response|direct_loss
smol360m,0,direct_loss,adamw,4501,2.5804886259138584,2.6065362468361855,2.5998817458748817,0.5082097710976264,19.510044206865132,7.637814200017601,32768,weight|isotropic_response|direct_loss
smol360m,0,random,sgd,3220,2.5804886259138584,2.6285726875066757,2.628356948494911,0.6009297382080131,0.0,7.60606886819005,32768,random
smol360m,0,random,adamw,3220,2.5804886259138584,2.6285726875066757,2.6205971874296665,0.6009297382080131,0.0,7.631236577872187,32768,random
smol360m,1,weight,sgd,8685,2.5856138542294502,2.6097444891929626,2.6095444820821285,0.489079678426439,0.012231463100761175,7.507883877959102,32768,weight|isotropic_response|activation|direct_loss
smol360m,1,weight,adamw,8685,2.5856138542294502,2.6097444891929626,2.6031547747552395,0.489079678426439,0.012231463100761175,7.415970925241709,32768,weight|isotropic_response|activation|direct_loss
smol360m,1,isotropic_response,sgd,8685,2.5856138542294502,2.6097444891929626,2.6095444820821285,0.489079678426439,0.010196041781455278,7.507883877959102,32768,weight|isotropic_response|activation|direct_loss
smol360m,1,isotropic_response,adamw,8685,2.5856138542294502,2.6097444891929626,2.6031547747552395,0.489079678426439,0.010196041781455278,7.415970925241709,32768,weight|isotropic_response|activation|direct_loss
smol360m,1,task_response,sgd,8873,2.5856138542294502,2.604521580040455,2.604359768331051,0.19185002339567817,3.031085248105228,7.807107557076961,32768,task_response|task_single
smol360m,1,task_response,adamw,8873,2.5856138542294502,2.604521580040455,2.5983972623944283,0.19185002339567817,3.031085248105228,7.6981591656804085,32768,task_response|task_single
smol360m,1,task_single,sgd,8873,2.5856138542294502,2.604521580040455,2.604359768331051,0.19185002339567817,2.15146610699594,7.807107557076961,32768,task_response|task_single
smol360m,1,task_single,adamw,8873,2.5856138542294502,2.604521580040455,2.5983972623944283,0.19185002339567817,2.15146610699594,7.6981591656804085,32768,task_response|task_single
smol360m,1,activation,sgd,8685,2.5856138542294502,2.6097444891929626,2.6095444820821285,0.489079678426439,0.6287132650613785,7.507883877959102,32768,weight|isotropic_response|activation|direct_loss
smol360m,1,activation,adamw,8685,2.5856138542294502,2.6097444891929626,2.6031547747552395,0.489079678426439,0.6287132650613785,7.415970925241709,32768,weight|isotropic_response|activation|direct_loss
smol360m,1,direct_loss,sgd,8685,2.5856138542294502,2.6097444891929626,2.6095444820821285,0.489079678426439,19.5619333605282,7.507883877959102,32768,weight|isotropic_response|activation|direct_loss
smol360m,1,direct_loss,adamw,8685,2.5856138542294502,2.6097444891929626,2.6031547747552395,0.489079678426439,19.5619333605282,7.415970925241709,32768,weight|isotropic_response|activation|direct_loss
smol360m,1,random,sgd,652,2.5856138542294502,2.6617047637701035,2.6614161133766174,1.0962854158449595,0.0,7.630767960101366,32768,random
smol360m,1,random,adamw,652,2.5856138542294502,2.6617047637701035,2.651287142187357,1.0962854158449595,0.0,7.650937159080058,32768,random
smol360m,2,weight,sgd,1839,2.5831106193363667,2.6000532284379005,2.59992977976799,0.09615533469340463,0.012200301978737116,7.64934535510838,32768,weight|isotropic_response|task_response|task_single
smol360m,2,weight,adamw,1839,2.5831106193363667,2.6000532284379005,2.594219297170639,0.09615533469340463,0.012200301978737116,7.702181515749544,32768,weight|isotropic_response|task_response|task_single
smol360m,2,isotropic_response,sgd,1839,2.5831106193363667,2.6000532284379005,2.59992977976799,0.09615533469340463,0.010042109992355108,7.64934535510838,32768,weight|isotropic_response|task_response|task_single
smol360m,2,isotropic_response,adamw,1839,2.5831106193363667,2.6000532284379005,2.594219297170639,0.09615533469340463,0.010042109992355108,7.702181515749544,32768,weight|isotropic_response|task_response|task_single
smol360m,2,task_response,sgd,1839,2.5831106193363667,2.6000532284379005,2.59992977976799,0.09615533469340463,3.0920445136725903,7.64934535510838,32768,weight|isotropic_response|task_response|task_single
smol360m,2,task_response,adamw,1839,2.5831106193363667,2.6000532284379005,2.594219297170639,0.09615533469340463,3.0920445136725903,7.702181515749544,32768,weight|isotropic_response|task_response|task_single
smol360m,2,task_single,sgd,1839,2.5831106193363667,2.6000532284379005,2.59992977976799,0.09615533469340463,2.155369382817298,7.64934535510838,32768,weight|isotropic_response|task_response|task_single
smol360m,2,task_single,adamw,1839,2.5831106193363667,2.6000532284379005,2.594219297170639,0.09615533469340463,2.155369382817298,7.702181515749544,32768,weight|isotropic_response|task_response|task_single
smol360m,2,activation,sgd,1837,2.5831106193363667,2.592846170067787,2.592727590352297,0.10239527604555403,0.6281547769904137,7.638571303803474,32768,activation|direct_loss
smol360m,2,activation,adamw,1837,2.5831106193363667,2.592846170067787,2.5874302238225937,0.10239527604555403,0.6281547769904137,7.6655692011117935,32768,activation|direct_loss
smol360m,2,direct_loss,sgd,1837,2.5831106193363667,2.592846170067787,2.592727590352297,0.10239527604555403,19.564304418396205,7.638571303803474,32768,activation|direct_loss
smol360m,2,direct_loss,adamw,1837,2.5831106193363667,2.592846170067787,2.5874302238225937,0.10239527604555403,19.564304418396205,7.6655692011117935,32768,activation|direct_loss
smol360m,2,random,sgd,5228,2.5831106193363667,2.659015469253063,2.6587247028946877,1.2274368625806165,0.0,7.801744577940553,32768,random
smol360m,2,random,adamw,5228,2.5831106193363667,2.659015469253063,2.648937240242958,1.2274368625806165,0.0,7.649995574261993,32768,random
