seed,candidate_mode,decision_scope,gauge_count,identity_action_key,action_change_count,changed_gauges,unique_action_count,unique_actions,loss_delta_min,loss_delta_max,accuracy_delta_min,accuracy_delta_max,f1_delta_min,f1_delta_max,raw_B_action,current_effective_action,current_effective_loss_delta_from_raw_B,current_local_activation_action,current_local_activation_loss_delta_from_raw_B,validation_oracle_coverage,validation_oracle_actions
0,adjacent,per_projection,10,query:0-1|value:0-1,2,dense_k4;dense_k30,3,query:0-1|value:0-1;query:0-1|value:1-2;query:2-3|value:0-1,-0.019626289898273974,0.0,0.0,0.0098038911819458,0.0,0.005659439629292384,query:0-1|value:0-1,query:0-1|value:10-11,-0.03364973383791303,query:0-1|value:0-1,0.0,componentwise_query_and_value_only_not_full_cartesian,query:6-7;value:10-11
0,adjacent,joint,10,query:0-1|value:0-1,0,,1,query:0-1|value:0-1,0.0,0.0,0.0,0.0,0.0,0.0,query:0-1|value:0-1,query:0-1|value:0-1,0.0,query:0-1|value:0-1,0.0,exact_over_declared_joint_same_pair_candidate_family,query:3-4|value:3-4
0,all,per_projection,10,query:0-1|value:0-1,4,diagonal_k4;dense_k4;diagonal_k8;dense_k30,4,query:0-1|value:0-1;query:0-1|value:1-11;query:0-1|value:1-3;query:2-3|value:0-1,-0.019626289898273974,0.0,0.0,0.0098038911819458,-0.0007672993068538192,0.005659439629292384,query:0-1|value:0-1,query:0-1|value:1-11,-0.007450254232275688,query:0-1|value:0-11,-0.0007690188347124205,componentwise_query_and_value_only_not_full_cartesian,query:6-9;value:10-11
0,all,joint,10,query:0-1|value:0-1,0,,1,query:0-1|value:0-1,0.0,0.0,0.0,0.0,0.0,0.0,query:0-1|value:0-1,query:0-1|value:0-1,0.0,query:0-1|value:0-1,0.0,exact_over_declared_joint_same_pair_candidate_family,query:3-11|value:3-11
1,adjacent,per_projection,10,query:0-1|value:2-3,6,diagonal_k2;dense_k2;diagonal_k4;diagonal_k8;diagonal_k30;dense_k30,4,query:0-1|value:10-11;query:0-1|value:2-3;query:0-1|value:9-10;query:2-3|value:10-11,0.0,0.00886300556799946,0.0,0.004902005195617676,-0.00047161959718144963,0.003259723686400706,query:0-1|value:2-3,query:0-1|value:10-11,0.001765942456675551,query:0-1|value:0-1,0.00013882856743008265,componentwise_query_and_value_only_not_full_cartesian,query:4-5;value:3-4
1,adjacent,joint,10,query:0-1|value:0-1,5,dense_k4;diagonal_k8;dense_k8;diagonal_k30;dense_k30,2,query:0-1|value:0-1;query:2-3|value:2-3,0.0,0.007709831583733673,-0.004902005195617676,0.0,-0.005118601747815199,0.0,query:0-1|value:0-1,query:0-1|value:0-1,0.0,query:0-1|value:0-1,0.0,exact_over_declared_joint_same_pair_candidate_family,query:0-1|value:0-1
1,all,per_projection,10,query:0-2|value:0-2,7,diagonal_k2;dense_k2;diagonal_k4;diagonal_k8;dense_k8;diagonal_k30;dense_k30,5,query:0-2|value:0-10;query:0-2|value:0-11;query:0-2|value:0-2;query:0-2|value:10-11;query:0-2|value:2-10,-0.0005684465754265955,0.002723619049670667,-0.002451002597808838,0.0,-0.0020820449391877327,0.0,query:0-2|value:0-2,query:0-3|value:10-11,0.0027515245418922585,query:0-3|value:0-11,-0.0004822126790589021,componentwise_query_and_value_only_not_full_cartesian,query:4-11;value:3-5
1,all,joint,10,query:0-2|value:0-2,0,,1,query:0-2|value:0-2,0.0,0.0,0.0,0.0,0.0,0.0,query:0-2|value:0-2,query:0-3|value:0-3,3.096753475712033e-05,query:0-3|value:0-3,3.096753475712033e-05,exact_over_declared_joint_same_pair_candidate_family,query:4-11|value:4-11
2,adjacent,per_projection,10,query:0-1|value:0-1,3,dense_k2;dense_k4;dense_k8,3,query:0-1|value:0-1;query:0-1|value:1-2;query:0-1|value:9-10,-0.0530944957452662,0.0,-0.002451002597808838,0.0024509429931640625,-0.002246155282257134,0.0008254447742320759,query:0-1|value:0-1,query:0-1|value:0-1,0.0,query:0-1|value:0-1,0.0,componentwise_query_and_value_only_not_full_cartesian,query:8-9;value:8-9
2,adjacent,joint,10,query:0-1|value:0-1,0,,1,query:0-1|value:0-1,0.0,0.0,0.0,0.0,0.0,0.0,query:0-1|value:0-1,query:0-1|value:0-1,0.0,query:0-1|value:0-1,0.0,exact_over_declared_joint_same_pair_candidate_family,query:8-9|value:8-9
2,all,per_projection,10,query:0-1|value:0-1,3,dense_k2;dense_k4;dense_k8,3,query:0-1|value:0-1;query:0-1|value:1-2;query:0-1|value:9-10,-0.0530944957452662,0.0,-0.002451002597808838,0.0024509429931640625,-0.002246155282257134,0.0008254447742320759,query:0-1|value:0-1,query:0-1|value:0-1,0.0,query:0-1|value:0-1,0.0,componentwise_query_and_value_only_not_full_cartesian,query:8-11;value:8-11
2,all,joint,10,query:0-1|value:0-1,0,,1,query:0-1|value:0-1,0.0,0.0,0.0,0.0,0.0,0.0,query:0-1|value:0-1,query:0-1|value:0-1,0.0,query:0-1|value:0-1,0.0,exact_over_declared_joint_same_pair_candidate_family,query:8-9|value:8-9
