action,after_recovery_nll,after_recovery_nll_delta_native,combined_acceptance,domain,immediate_nll,immediate_nll_delta_native,model,original_nll,partition_change,recovery_error,residual_acceptance,seed,status
native_router,3.151819199323654,0.0,,general,3.1611041873693466,0.0,pythia1b,3.150659993290901,0.0,,,0,ok
native_router,2.0092888101935387,0.0,,code,2.0072616785764694,0.0,pythia1b,2.013433560729027,0.0,,,0,ok
native_router,2.9910147935152054,0.0,,math,2.9841380268335342,0.0,pythia1b,2.997964769601822,0.0,,,0,ok
effective_clustering,3.1512334793806076,-0.0005857199430465698,,general,3.1611041873693466,0.0,pythia1b,3.150659993290901,0.0,,,0,ok
effective_clustering,2.0092525631189346,-3.6247074604034424e-05,,code,2.0072616785764694,0.0,pythia1b,2.013433560729027,0.0,,,0,ok
effective_clustering,2.990074500441551,-0.0009402930736541748,,math,2.9841380268335342,0.0,pythia1b,2.997964769601822,0.0,,,0,ok
random_balanced,3.2232756912708282,0.07145649194717407,,general,3.272138372063637,0.11103418469429016,pythia1b,3.150659993290901,0.3125,,,0,ok
random_balanced,1.9869474023580551,-0.02234140783548355,,code,1.9795991629362106,-0.02766251564025879,pythia1b,2.013433560729027,0.3125,,,0,ok
random_balanced,2.9589821249246597,-0.032032668590545654,,math,2.9423254877328873,-0.04181253910064697,pythia1b,2.997964769601822,0.3125,,,0,ok
joint_noise_0.0001,3.152107462286949,0.0002882629632949829,True,general,3.1611041873693466,0.0,pythia1b,3.150659993290901,0.0,5.421144709550326e-05,True,0,ok
joint_noise_0.0001,2.0092831403017044,-5.669891834259033e-06,True,code,2.0072616785764694,0.0,pythia1b,2.013433560729027,0.0,5.421144709550326e-05,True,0,ok
joint_noise_0.0001,2.9898611158132553,-0.0011536777019500732,True,math,2.9841380268335342,0.0,pythia1b,2.997964769601822,0.0,5.421144709550326e-05,True,0,ok
joint_noise_0.01,3.1518452763557434,2.60770320892334e-05,True,general,3.1611041873693466,0.0,pythia1b,3.150659993290901,0.0,0.005421032353127272,True,0,ok
joint_noise_0.01,2.0085510164499283,-0.0007377937436103821,True,code,2.0072616785764694,0.0,pythia1b,2.013433560729027,0.0,0.005421032353127272,True,0,ok
joint_noise_0.01,2.9895865619182587,-0.0014282315969467163,True,math,2.9841380268335342,0.0,pythia1b,2.997964769601822,0.0,0.005421032353127272,True,0,ok
native_router,3.15277561545372,0.0,,general,3.158710166811943,0.0,pythia1b,3.1445701867341995,0.0,,,1,ok
native_router,2.0128430649638176,0.0,,code,2.0096144527196884,0.0,pythia1b,2.014459826052189,0.0,,,1,ok
native_router,2.9934962391853333,0.0,,math,2.9842562824487686,0.0,pythia1b,3.00009223818779,0.0,,,1,ok
effective_clustering,3.1524579375982285,-0.0003176778554916382,,general,3.158710166811943,0.0,pythia1b,3.1445701867341995,0.0,,,1,ok
effective_clustering,2.0122019797563553,-0.0006410852074623108,,code,2.0096144527196884,0.0,pythia1b,2.014459826052189,0.0,,,1,ok
effective_clustering,2.9936652928590775,0.00016905367374420166,,math,2.9842562824487686,0.0,pythia1b,3.00009223818779,0.0,,,1,ok
random_balanced,3.1910852640867233,0.038309648633003235,,general,3.221006006002426,0.06229583919048309,pythia1b,3.1445701867341995,0.25,,,1,ok
random_balanced,1.9917291030287743,-0.021113961935043335,,code,1.983633354306221,-0.025981098413467407,pythia1b,2.014459826052189,0.25,,,1,ok
random_balanced,2.968095675110817,-0.025400564074516296,,math,2.9520953595638275,-0.0321609228849411,pythia1b,3.00009223818779,0.25,,,1,ok
joint_noise_0.0001,3.1520814299583435,-0.0006941854953765869,True,general,3.158710166811943,0.0,pythia1b,3.1445701867341995,0.0,5.5396676664731574e-05,True,1,ok
joint_noise_0.0001,2.0116951540112495,-0.0011479109525680542,True,code,2.0096144527196884,0.0,pythia1b,2.014459826052189,0.0,5.5396676664731574e-05,True,1,ok
joint_noise_0.0001,2.993285670876503,-0.00021056830883026123,True,math,2.9842562824487686,0.0,pythia1b,3.00009223818779,0.0,5.5396676664731574e-05,True,1,ok
joint_noise_0.01,3.1531088054180145,0.0003331899642944336,True,general,3.158710166811943,0.0,pythia1b,3.1445701867341995,0.0,0.00553961713730853,True,1,ok
joint_noise_0.01,2.0119172483682632,-0.0009258165955543518,True,code,2.0096144527196884,0.0,pythia1b,2.014459826052189,0.0,0.00553961713730853,True,1,ok
joint_noise_0.01,2.99296697974205,-0.0005292594432830811,True,math,2.9842562824487686,0.0,pythia1b,3.00009223818779,0.0,0.00553961713730853,True,1,ok
native_router,3.169787719845772,0.0,,general,3.1777558475732803,0.0,pythia1b,3.1468615233898163,0.0,,,2,ok
native_router,1.9966789484024048,0.0,,code,1.993032492697239,0.0,pythia1b,2.0027267783880234,0.0,,,2,ok
native_router,2.977429673075676,0.0,,math,2.9655962735414505,0.0,pythia1b,2.9836277067661285,0.0,,,2,ok
effective_clustering,3.1693905740976334,-0.00039714574813842773,,general,3.1777558475732803,0.0,pythia1b,3.1468615233898163,0.0,,,2,ok
effective_clustering,1.9959130361676216,-0.0007659122347831726,,code,1.993032492697239,0.0,pythia1b,2.0027267783880234,0.0,,,2,ok
effective_clustering,2.977862596511841,0.00043292343616485596,,math,2.9655962735414505,0.0,pythia1b,2.9836277067661285,0.0,,,2,ok
random_balanced,3.2486731708049774,0.07888545095920563,,general,3.300561562180519,0.12280571460723877,pythia1b,3.1468615233898163,0.296875,,,2,ok
random_balanced,1.9811870828270912,-0.015491865575313568,,code,1.9732904210686684,-0.019742071628570557,pythia1b,2.0027267783880234,0.296875,,,2,ok
random_balanced,2.947421133518219,-0.03000853955745697,,math,2.9284530878067017,-0.03714318573474884,pythia1b,2.9836277067661285,0.296875,,,2,ok
joint_noise_0.0001,3.1689461171627045,-0.0008416026830673218,True,general,3.1777558475732803,0.0,pythia1b,3.1468615233898163,0.0,5.6715339104281617e-05,True,2,ok
joint_noise_0.0001,1.9963861927390099,-0.000292755663394928,True,code,1.993032492697239,0.0,pythia1b,2.0027267783880234,0.0,5.6715339104281617e-05,True,2,ok
joint_noise_0.0001,2.978088989853859,0.0006593167781829834,True,math,2.9655962735414505,0.0,pythia1b,2.9836277067661285,0.0,5.6715339104281617e-05,True,2,ok
joint_noise_0.01,3.1696507930755615,-0.0001369267702102661,True,general,3.1777558475732803,0.0,pythia1b,3.1468615233898163,0.0,0.005671686802424824,True,2,ok
joint_noise_0.01,1.9961647018790245,-0.0005142465233802795,True,code,1.993032492697239,0.0,pythia1b,2.0027267783880234,0.0,0.005671686802424824,True,2,ok
joint_noise_0.01,2.9783745259046555,0.0009448528289794922,True,math,2.9655962735414505,0.0,pythia1b,2.9836277067661285,0.0,0.005671686802424824,True,2,ok
native_router,2.9037696421146393,0.0,,general,2.911991059780121,0.0,qwen4b,2.8962580263614655,0.0,,,0,ok
native_router,2.0464575961232185,0.0,,code,2.048274375498295,0.0,qwen4b,2.0434249863028526,0.0,,,0,ok
native_router,1.7122890874743462,0.0,,math,1.7127754837274551,0.0,qwen4b,1.7145039439201355,0.0,,,0,ok
effective_clustering,2.9037696421146393,0.0,,general,2.911991059780121,0.0,qwen4b,2.8962580263614655,0.0,,,0,ok
effective_clustering,2.0464575961232185,0.0,,code,2.048274375498295,0.0,qwen4b,2.0434249863028526,0.0,,,0,ok
effective_clustering,1.7122890874743462,0.0,,math,1.7127754837274551,0.0,qwen4b,1.7145039439201355,0.0,,,0,ok
random_balanced,2.9809247851371765,0.07715514302253723,,general,3.029193326830864,0.1172022670507431,qwen4b,2.8962580263614655,0.33641975308641975,,,0,ok
random_balanced,2.0505775958299637,0.004119999706745148,,code,2.061437167227268,0.013162791728973389,qwen4b,2.0434249863028526,0.33641975308641975,,,0,ok
random_balanced,1.7164402976632118,0.004151210188865662,,math,1.7397206202149391,0.02694513648748398,qwen4b,1.7145039439201355,0.33641975308641975,,,0,ok
joint_noise_0.0001,2.9037696421146393,0.0,True,general,2.911991059780121,0.0,qwen4b,2.8962580263614655,0.0,3.744006257350348e-05,True,0,ok
joint_noise_0.0001,2.0464575961232185,0.0,True,code,2.048274375498295,0.0,qwen4b,2.0434249863028526,0.0,3.744006257350348e-05,True,0,ok
joint_noise_0.0001,1.7122890874743462,0.0,True,math,1.7127754837274551,0.0,qwen4b,1.7145039439201355,0.0,3.744006257350348e-05,True,0,ok
joint_noise_0.01,2.9037696421146393,0.0,True,general,2.911991059780121,0.0,qwen4b,2.8962580263614655,0.0,0.0037439732422736008,False,0,ok
joint_noise_0.01,2.0464575961232185,0.0,True,code,2.048274375498295,0.0,qwen4b,2.0434249863028526,0.0,0.0037439732422736008,False,0,ok
joint_noise_0.01,1.7122890874743462,0.0,True,math,1.7127754837274551,0.0,qwen4b,1.7145039439201355,0.0,0.0037439732422736008,False,0,ok
native_router,2.8992454260587692,0.0,,general,2.906021758913994,0.0,qwen4b,2.89213490486145,0.0,,,1,ok
native_router,2.0509623289108276,0.0,,code,2.051337867975235,0.0,qwen4b,2.0473082587122917,0.0,,,1,ok
native_router,1.7134416550397873,0.0,,math,1.7147217616438866,0.0,qwen4b,1.7114136889576912,0.0,,,1,ok
effective_clustering,2.8992454260587692,0.0,,general,2.906021758913994,0.0,qwen4b,2.89213490486145,0.0,,,1,ok
effective_clustering,2.0509623289108276,0.0,,code,2.051337867975235,0.0,qwen4b,2.0473082587122917,0.0,,,1,ok
effective_clustering,1.7134416550397873,0.0,,math,1.7147217616438866,0.0,qwen4b,1.7114136889576912,0.0,,,1,ok
random_balanced,2.9745279997587204,0.07528257369995117,,general,3.01792773604393,0.11190597712993622,qwen4b,2.89213490486145,0.3148148148148148,,,1,ok
random_balanced,2.058978907763958,0.00801657885313034,,code,2.0698041170835495,0.018466249108314514,qwen4b,2.0473082587122917,0.3148148148148148,,,1,ok
random_balanced,1.705176092684269,-0.008265562355518341,,math,1.7258747667074203,0.011153005063533783,qwen4b,1.7114136889576912,0.3148148148148148,,,1,ok
joint_noise_0.0001,2.8992454260587692,0.0,True,general,2.906021758913994,0.0,qwen4b,2.89213490486145,0.0,3.726466790637374e-05,True,1,ok
joint_noise_0.0001,2.0509623289108276,0.0,True,code,2.051337867975235,0.0,qwen4b,2.0473082587122917,0.0,3.726466790637374e-05,True,1,ok
joint_noise_0.0001,1.7134416550397873,0.0,True,math,1.7147217616438866,0.0,qwen4b,1.7114136889576912,0.0,3.726466790637374e-05,True,1,ok
joint_noise_0.01,2.8992454260587692,0.0,True,general,2.906021758913994,0.0,qwen4b,2.89213490486145,0.0,0.003726484408448631,False,1,ok
joint_noise_0.01,2.0509623289108276,0.0,True,code,2.051337867975235,0.0,qwen4b,2.0473082587122917,0.0,0.003726484408448631,False,1,ok
joint_noise_0.01,1.7134416550397873,0.0,True,math,1.7147217616438866,0.0,qwen4b,1.7114136889576912,0.0,0.003726484408448631,False,1,ok
native_router,2.9079222828149796,0.0,,general,2.920371785759926,0.0,qwen4b,2.9040133506059647,0.0,,,2,ok
native_router,2.0468458756804466,0.0,,code,2.0496515929698944,0.0,qwen4b,2.0439353212714195,0.0,,,2,ok
native_router,1.702771969139576,0.0,,math,1.7031763046979904,0.0,qwen4b,1.7074220553040504,0.0,,,2,ok
effective_clustering,2.9079222828149796,0.0,,general,2.920371785759926,0.0,qwen4b,2.9040133506059647,0.0,,,2,ok
effective_clustering,2.0468458756804466,0.0,,code,2.0496515929698944,0.0,qwen4b,2.0439353212714195,0.0,,,2,ok
effective_clustering,1.702771969139576,0.0,,math,1.7031763046979904,0.0,qwen4b,1.7074220553040504,0.0,,,2,ok
random_balanced,2.995758444070816,0.08783616125583649,,general,3.0442625284194946,0.12389074265956879,qwen4b,2.9040133506059647,0.3487654320987654,,,2,ok
random_balanced,2.0635092481970787,0.01666337251663208,,code,2.0770287066698074,0.027377113699913025,qwen4b,2.0439353212714195,0.3487654320987654,,,2,ok
random_balanced,1.709794819355011,0.007022850215435028,,math,1.7352140918374062,0.03203778713941574,qwen4b,1.7074220553040504,0.3487654320987654,,,2,ok
joint_noise_0.0001,2.9079222828149796,0.0,True,general,2.920371785759926,0.0,qwen4b,2.9040133506059647,0.0,3.615173237803919e-05,True,2,ok
joint_noise_0.0001,2.0468458756804466,0.0,True,code,2.0496515929698944,0.0,qwen4b,2.0439353212714195,0.0,3.615173237803919e-05,True,2,ok
joint_noise_0.0001,1.702771969139576,0.0,True,math,1.7031763046979904,0.0,qwen4b,1.7074220553040504,0.0,3.615173237803919e-05,True,2,ok
joint_noise_0.01,2.9079222828149796,0.0,True,general,2.920371785759926,0.0,qwen4b,2.9040133506059647,0.0,0.0036151724450777575,False,2,ok
joint_noise_0.01,2.0468458756804466,0.0,True,code,2.0496515929698944,0.0,qwen4b,2.0439353212714195,0.0,0.0036151724450777575,False,2,ok
joint_noise_0.01,1.702771969139576,0.0,True,math,1.7031763046979904,0.0,qwen4b,1.7074220553040504,0.0,0.0036151724450777575,False,2,ok
native_router,2.916160613298416,0.0,,general,2.925803080201149,0.0,smol17b,2.909814015030861,0.0,,,0,ok
native_router,1.510678470134735,0.0,,code,1.5097707584500313,0.0,smol17b,1.5109241157770157,0.0,,,0,ok
native_router,1.2455620542168617,0.0,,math,1.2454987913370132,0.0,smol17b,1.249659113585949,0.0,,,0,ok
effective_clustering,2.916160613298416,0.0,,general,2.925803080201149,0.0,smol17b,2.909814015030861,0.0,,,0,ok
effective_clustering,1.510678470134735,0.0,,code,1.5097707584500313,0.0,smol17b,1.5109241157770157,0.0,,,0,ok
effective_clustering,1.2455620542168617,0.0,,math,1.2454987913370132,0.0,smol17b,1.249659113585949,0.0,,,0,ok
random_balanced,3.0259451121091843,0.10978449881076813,,general,3.046132281422615,0.12032920122146606,smol17b,2.909814015030861,0.3402777777777778,,,0,ok
random_balanced,1.5044276118278503,-0.006250858306884766,,code,1.5043488293886185,-0.005421929061412811,smol17b,1.5109241157770157,0.3402777777777778,,,0,ok
random_balanced,1.2204620949923992,-0.02509995922446251,,math,1.2172088958323002,-0.02828989550471306,smol17b,1.249659113585949,0.3402777777777778,,,0,ok
joint_noise_0.0001,2.916160613298416,0.0,True,general,2.925803080201149,0.0,smol17b,2.909814015030861,0.0,4.383264750781701e-05,True,0,ok
joint_noise_0.0001,1.510678470134735,0.0,True,code,1.5097707584500313,0.0,smol17b,1.5109241157770157,0.0,4.383264750781701e-05,True,0,ok
joint_noise_0.0001,1.2455620542168617,0.0,True,math,1.2454987913370132,0.0,smol17b,1.249659113585949,0.0,4.383264750781701e-05,True,0,ok
joint_noise_0.01,2.916160613298416,0.0,True,general,2.925803080201149,0.0,smol17b,2.909814015030861,0.0,0.004383261108257228,False,0,ok
joint_noise_0.01,1.510678470134735,0.0,True,code,1.5097707584500313,0.0,smol17b,1.5109241157770157,0.0,0.004383261108257228,False,0,ok
joint_noise_0.01,1.2455620542168617,0.0,True,math,1.2454987913370132,0.0,smol17b,1.249659113585949,0.0,0.004383261108257228,False,0,ok
native_router,2.896833583712578,0.0,,general,2.9041913002729416,0.0,smol17b,2.9022250026464462,0.0,,,1,ok
native_router,1.5097262263298035,0.0,,code,1.5093154832720757,0.0,smol17b,1.5103328973054886,0.0,,,1,ok
native_router,1.249910332262516,0.0,,math,1.2488507181406021,0.0,smol17b,1.2498433366417885,0.0,,,1,ok
effective_clustering,2.896833583712578,0.0,,general,2.9041913002729416,0.0,smol17b,2.9022250026464462,0.0,,,1,ok
effective_clustering,1.5097262263298035,0.0,,code,1.5093154832720757,0.0,smol17b,1.5103328973054886,0.0,,,1,ok
effective_clustering,1.249910332262516,0.0,,math,1.2488507181406021,0.0,smol17b,1.2498433366417885,0.0,,,1,ok
random_balanced,2.9987092316150665,0.10187564790248871,,general,3.0137128978967667,0.10952159762382507,smol17b,2.9022250026464462,0.3263888888888889,,,1,ok
random_balanced,1.5064648911356926,-0.0032613351941108704,,code,1.5069140270352364,-0.0024014562368392944,smol17b,1.5103328973054886,0.3263888888888889,,,1,ok
random_balanced,1.2244206219911575,-0.02548971027135849,,math,1.2234985753893852,-0.02535214275121689,smol17b,1.2498433366417885,0.3263888888888889,,,1,ok
joint_noise_0.0001,2.896833583712578,0.0,True,general,2.9041913002729416,0.0,smol17b,2.9022250026464462,0.0,4.2133545006385174e-05,True,1,ok
joint_noise_0.0001,1.5097262263298035,0.0,True,code,1.5093154832720757,0.0,smol17b,1.5103328973054886,0.0,4.2133545006385174e-05,True,1,ok
joint_noise_0.0001,1.249910332262516,0.0,True,math,1.2488507181406021,0.0,smol17b,1.2498433366417885,0.0,4.2133545006385174e-05,True,1,ok
joint_noise_0.01,2.896833583712578,0.0,True,general,2.9041913002729416,0.0,smol17b,2.9022250026464462,0.0,0.004213384666327468,False,1,ok
joint_noise_0.01,1.5097262263298035,0.0,True,code,1.5093154832720757,0.0,smol17b,1.5103328973054886,0.0,0.004213384666327468,False,1,ok
joint_noise_0.01,1.249910332262516,0.0,True,math,1.2488507181406021,0.0,smol17b,1.2498433366417885,0.0,0.004213384666327468,False,1,ok
native_router,2.9043047577142715,0.0,,general,2.913747623562813,0.0,smol17b,2.8991902470588684,0.0,,,2,ok
native_router,1.5067368671298027,0.0,,code,1.5072550624608994,0.0,smol17b,1.507422260940075,0.0,,,2,ok
native_router,1.2406960651278496,0.0,,math,1.2392627596855164,0.0,smol17b,1.2434836477041245,0.0,,,2,ok
effective_clustering,2.9043047577142715,0.0,,general,2.913747623562813,0.0,smol17b,2.8991902470588684,0.0,,,2,ok
effective_clustering,1.5067368671298027,0.0,,code,1.5072550624608994,0.0,smol17b,1.507422260940075,0.0,,,2,ok
effective_clustering,1.2406960651278496,0.0,,math,1.2392627596855164,0.0,smol17b,1.2434836477041245,0.0,,,2,ok
random_balanced,3.007592871785164,0.10328811407089233,,general,3.0252473652362823,0.11149974167346954,smol17b,2.8991902470588684,0.3263888888888889,,,2,ok
random_balanced,1.5038789361715317,-0.0028579309582710266,,code,1.5045324340462685,-0.00272262841463089,smol17b,1.507422260940075,0.3263888888888889,,,2,ok
random_balanced,1.2199904546141624,-0.020705610513687134,,math,1.2173268012702465,-0.02193595841526985,smol17b,1.2434836477041245,0.3263888888888889,,,2,ok
joint_noise_0.0001,2.9043047577142715,0.0,True,general,2.913747623562813,0.0,smol17b,2.8991902470588684,0.0,4.228468946519245e-05,True,2,ok
joint_noise_0.0001,1.5067368671298027,0.0,True,code,1.5072550624608994,0.0,smol17b,1.507422260940075,0.0,4.228468946519245e-05,True,2,ok
joint_noise_0.0001,1.2406960651278496,0.0,True,math,1.2392627596855164,0.0,smol17b,1.2434836477041245,0.0,4.228468946519245e-05,True,2,ok
joint_noise_0.01,2.9043047577142715,0.0,True,general,2.913747623562813,0.0,smol17b,2.8991902470588684,0.0,0.0042284172299019915,False,2,ok
joint_noise_0.01,1.5067368671298027,0.0,True,code,1.5072550624608994,0.0,smol17b,1.507422260940075,0.0,0.0042284172299019915,False,2,ok
joint_noise_0.01,1.2406960651278496,0.0,True,math,1.2392627596855164,0.0,smol17b,1.2434836477041245,0.0,0.0042284172299019915,False,2,ok
